time,load@tsung_controller@ip-172-31-27-7 
0,0.0 
10,0.0 
20,0.0 
30,0.0 
40,0.0 
50,0.0 
60,0.0 
70,0.0 
80,0.0 
90,0.0 
100,0.0 
110,0.0 
120,0.0 
130,0.0 
140,0.078125 
150,0.078125 
160,0.078125 
170,0.078125 
180,0.078125 
190,0.078125 
200,0.078125 
210,0.078125 
213,0.078125 
