time,load@tsung_controller@ip-172-31-16-50 
0,0.0 
10,0.078125 
20,0.0703125 
30,0.05859375 
40,0.05078125 
50,0.0390625 
60,0.03125 
70,0.03125 
80,0.1015625 
90,0.08984375 
100,0.0703125 
110,0.05859375 
120,0.05078125 
130,0.0390625 
140,0.0390625 
150,0.03125 
160,0.01953125 
170,0.01953125 
180,0.01953125 
190,0.01171875 
200,0.01171875 
210,0.01171875 
220,0.01171875 
227,0.01171875 
