time,cpu@tsung_controller@ip-172-31-20-90 
0,1.2470593507046357 
10,1.2470593507046357 
20,0.3 
30,0.2004008016032064 
40,0.2004008016032064 
50,0.2004008016032064 
60,0.2004008016032064 
70,0.2004008016032064 
80,0.2004008016032064 
90,0.2004008016032064 
100,0.2004008016032064 
110,0.2004008016032064 
120,0.2 
130,0.2 
140,0.2 
