time,load@tsung_controller@ip-172-31-31-18 
0,0.0 
10,0.0 
20,0.0 
30,0.0 
40,0.0 
50,0.0 
60,0.0 
70,0.0 
80,0.0 
90,0.0 
100,0.0 
110,0.0 
120,0.16015625 
130,0.16015625 
140,0.16015625 
150,0.16015625 
160,0.16015625 
170,0.16015625 
180,0.16015625 
190,0.171875 
200,0.171875 
210,0.171875 
220,0.171875 
230,0.171875 
240,0.171875 
250,0.171875 
260,0.171875 
270,0.171875 
280,0.171875 
290,0.171875 
300,0.171875 
310,0.171875 
