time,load@tsung_controller@ip-172-31-27-7 
0,0.0 
10,0.0 
20,0.0 
30,0.0 
40,0.0 
50,0.078125 
60,0.0703125 
70,0.05859375 
80,0.05078125 
90,0.0390625 
100,0.03125 
110,0.03125 
120,0.01953125 
130,0.01953125 
140,0.01953125 
150,0.01171875 
160,0.08984375 
170,0.078125 
180,0.05859375 
190,0.05078125 
200,0.0390625 
210,0.0390625 
220,0.03125 
230,0.03125 
240,0.01953125 
247,0.01953125 
