time,load@tsung_controller@ip-172-31-28-236 
0,0.16015625 
10,0.12890625 
20,0.109375 
30,0.1015625 
40,0.078125 
50,0.0703125 
60,0.05859375 
70,0.05078125 
80,0.0390625 
90,0.03125 
100,0.03125 
110,0.01953125 
120,0.01953125 
130,0.01953125 
140,0.01171875 
150,0.16015625 
160,0.12890625 
170,0.109375 
180,0.171875 
190,0.1484375 
200,0.12109375 
210,0.1015625 
220,0.08984375 
230,0.0703125 
240,0.05859375 
250,0.05078125 
254,0.0390625 
