time,cpu@tsung_controller@ip-172-31-23-21 
0,1.5189926397168294 
10,0.6979062811565304 
20,0.4 
30,0.4 
40,0.4 
50,0.4 
60,0.4 
70,0.4 
80,0.4 
90,0.4 
100,0.4 
110,0.4 
120,0.4 
130,0.4 
140,0.4 
150,0.4 
160,0.4 
170,0.4 
180,0.4 
190,0.4 
200,0.4 
210,0.4 
220,0.4 
230,0.4 
240,0.4 
250,0.4 
260,0.4 
270,0.4 
280,0.4 
290,0.4 
300,0.4 
310,0.4 
320,0.4 
323,0.4 
