time,load@tsung_controller@ip-172-31-28-236 
0,0.0 
10,0.0 
20,0.0 
30,0.0 
40,0.0 
50,0.0 
60,0.0 
70,0.0 
80,0.0 
90,0.0 
100,0.078125 
110,0.078125 
120,0.078125 
130,0.078125 
140,0.078125 
150,0.078125 
160,0.078125 
170,0.078125 
180,0.1015625 
190,0.1015625 
200,0.1015625 
210,0.1015625 
220,0.1015625 
230,0.1015625 
240,0.1015625 
250,0.1015625 
254,0.1015625 
