time,load@tsung_controller@ip-172-31-28-236 
0,0.0 
10,0.0 
20,0.0 
30,0.0 
40,0.0 
50,0.0 
60,0.0 
70,0.0 
80,0.0 
90,0.0 
100,0.078125 
110,0.0703125 
120,0.05859375 
130,0.05078125 
140,0.0390625 
150,0.03125 
160,0.03125 
170,0.01953125 
180,0.1015625 
190,0.078125 
200,0.0703125 
210,0.05859375 
220,0.05078125 
230,0.0390625 
240,0.03125 
250,0.03125 
254,0.01953125 
