time,page 
0,6.850614587190134 
10,4.096597498135299 
20,4.357884793858506 
30,4.889441224465226 
40,13.031059335125272 
50,5.266693770273839 
60,17.912498156513532 
70,5.904813930646381 
80,6.123867060382893 
90,10.535168216587742 
100,6.94164344391725 
110,0.6194140824646752 
120,8.692605263400965 
130,0.1686198881112967 
140,0 
