time,cpu@tsung_controller@ip-172-31-20-90 
0,1.2470593507046357 
10,1.2987012987012987 
20,0.3 
30,0.2004008016032064 
40,0.4995004995004995 
50,0.4995004995004995 
60,0.4008016032064128 
70,0.3003003003003003 
80,1.7999999999999998 
90,1.9019019019019021 
100,0.30060120240480964 
110,3.5999999999999996 
120,0.2 
130,1.9019019019019021 
140,0.20020020020020018 
