time,load@tsung_controller@ip-172-31-31-18 
0,0.0 
10,0.0 
20,0.0 
30,0.0 
40,0.0 
50,0.0 
60,0.0 
70,0.0 
80,0.0 
90,0.0 
100,0.0 
110,0.0 
120,0.16015625 
130,0.12890625 
140,0.109375 
150,0.1015625 
160,0.1484375 
170,0.12890625 
180,0.109375 
190,0.171875 
200,0.1484375 
210,0.12109375 
220,0.1015625 
230,0.08984375 
240,0.0703125 
250,0.05859375 
260,0.05078125 
270,0.0390625 
280,0.0390625 
290,0.03125 
300,0.01953125 
310,0.01953125 
