time,session 
30,31.82853338033043 
40,2.3740028643610174 
50,7.768731717595368 
60,3.553712268725712 
70,2.436781932692089 
80,11.039654263153588 
90,0.0 
100,35013.92140677107 
110,34306.402648806 
120,33898.855371861275 
130,33005.504620929896 
140,30318.75813461403 
150,23580.114742775833 
160,33702.91024295159 
170,5.709283338565299 
180,13.145271973221025 
190,8.293261903502792 
200,9.915062972571203 
210,11.066069808199728 
220,14.845460722935746 
227,12.203149145249744 
