time,cpu@tsung_controller@ip-172-31-23-21 
0,1.644763000387003 
10,0.6986027944111777 
20,0.3 
30,0.3 
40,0.3 
50,0.3 
60,0.3 
70,0.3 
80,0.3 
90,0.3 
100,0.3 
110,0.3 
120,0.3 
130,0.3 
140,0.3 
150,0.3 
160,0.3 
170,0.3 
180,0.3 
190,0.3 
200,0.3 
210,0.3 
220,0.3 
230,0.3 
240,0.3 
250,0.3 
260,0.3 
270,0.3 
280,0.3 
290,0.3 
300,0.3 
310,0.3 
320,0.3 
