time,load@tsung_controller@ip-172-31-28-236 
0,0.16015625 
10,0.16015625 
20,0.16015625 
30,0.16015625 
40,0.16015625 
50,0.16015625 
60,0.16015625 
70,0.16015625 
80,0.16015625 
90,0.16015625 
100,0.16015625 
110,0.16015625 
120,0.16015625 
130,0.16015625 
140,0.16015625 
150,0.16015625 
160,0.16015625 
170,0.16015625 
180,0.171875 
190,0.171875 
200,0.171875 
210,0.171875 
220,0.171875 
230,0.171875 
240,0.171875 
250,0.171875 
254,0.171875 
