time,cpu@tsung_controller@ip-172-31-28-236 
0,1.2023259398705843 
10,0.39920159680638717 
20,0.39920159680638717 
30,0.3 
40,0.3 
50,0.3 
60,0.3 
70,0.3 
80,0.3 
90,0.3 
100,0.3 
110,0.3 
120,0.3 
130,0.3 
140,0.3 
150,0.3 
160,0.3 
170,0.3 
180,0.3 
190,0.3 
200,0.3 
210,0.1004016064257028 
220,0.1004016064257028 
230,0.1004016064257028 
240,0.1004016064257028 
250,0.1004016064257028 
254,0.1004016064257028 
