time,cpu@tsung_controller@ip-172-31-29-214 
0,3.0871484610371245 
10,1.8962075848303395 
20,1.5 
30,1.5 
40,1.5 
50,1.5 
60,1.5 
70,1.5 
80,1.5 
90,1.5 
100,1.5 
110,1.5 
120,1.5 
130,1.5 
140,1.5 
150,1.5 
160,1.5 
170,1.5 
180,1.5 
190,1.5 
200,1.5 
210,1.5 
220,1.5 
230,1.5 
240,1.5 
250,1.5 
260,1.5 
270,1.5 
280,1.5 
290,1.5 
300,1.5 
310,1.5 
320,1.5 
330,1.5 
340,1.5 
350,1.5 
360,1.5 
370,1.5 
380,1.5 
390,1.5 
400,1.5 
407,1.0111223458038423 
