time,load@tsung_controller@ip-172-31-16-50 
0,0.0 
10,0.078125 
20,0.078125 
30,0.078125 
40,0.078125 
50,0.078125 
60,0.078125 
70,0.078125 
80,0.1015625 
90,0.1015625 
100,0.1015625 
110,0.1015625 
120,0.1015625 
130,0.1015625 
140,0.1015625 
150,0.1015625 
160,0.1015625 
170,0.1015625 
180,0.1015625 
190,0.1015625 
200,0.1015625 
210,0.1015625 
220,0.1015625 
227,0.1015625 
